Workbook

Sheet ➕ Nuevo Lead
B1: ➕ AGREGAR NUEVO LEAD
B2: Completá los datos y copiá la fila en la planilla Leads
B4: Nombre completo *
B5: Ej: Juan Pérez
B7: Auto / Publicación *
B8: Ej: Toyota RAV4 2.4 4x2
B10: Teléfono *
B11: Ej: 5492494123456
B13: Fecha del lead
B14: Ej: 10/04/2026
B16: Estado inicial
B17: ⏳ Sin contactar
... B32: 5️⃣ El número (#1) se actualiza solo ✅

Sheet Leads
A1: 🚗 GESTIÓN DE LEADS - MERCADO LIBRE
A2: TOTAL | B2: =COUNTA(A4:A1000) -> 74 | C2: CONTACTADOS | D2: =COUNTIF(F4:F1000,"✅ Interesado")+COUNTIF(F4:F1000,"🚫 No interesado")+COUNTIF(F4:F1000,"🤝 Cerrado")+COUNTIF(F4:F1000,"❌ No contesta") -> 50 | E2: SIN CONTACTAR | F2: =COUNTIF(F4:F1000,"⏳ Sin contactar") -> 22 | G2: INTERESADOS | H2: =COUNTIF(F4:F1000,"✅ Interesado")+COUNTIF(F4:F1000,"🤝 Cerrado") -> 50 | I2: ➕ NUEVO LEAD
A4: # | B4: NOMBRE | C4: AUTO / PUBLICACIÓN | D4: TELÉFONO | E4: FECHA LEAD | F4: ESTADO | G4: FECHA CONTACTO | H4: RESULTADO / NOTAS | I4: PRIORIDAD
A5: ▼ | B5: ← COMPLETÁ AQUÍ Y PRESIONÁ Ctrl+Shift+= PARA INSERTAR FILA ARRIBA | E5: ⏳ Sin contactar | H5: 🟡 Media
A6: =ROW()-5 -> 1 | B6: Nicolas Alejandro Ruiz | C6: Ford F-150 Raptor 3.5l Bi-turbo | D6: 542235279744 | E6: 06/04/2026 17:54 | F6: ⏳ Sin contactar | I6: 🟡 Media
A7: =ROW()-5 -> 2 | B7: Micaela Rabino Veyra | C7: Strada | D7: +54 9 2914 39-3018 | E7: 2026-04-05 00:00:00 | F7: ⏳ Sin contactar | I7: 🟡 Media
A8: =ROW()-5 -> 3 | B8: Leo | C8: Vito | D8: +54 9 2494 24-9657 | E8: 2026-04-06 00:00:00 | F8: ⏳ Sin contactar | I8: 🟡 Media
A9: =ROW()-5 -> 4 | B9: Matias Lazarte | C9: T cross | D9: +54 9 2494 47-7725 | F9: ⏳ Sin contactar | H9: Preguntar acerca de que le parecio la tcross 0km | I9: 🟡 Media
A10: =ROW()-5 -> 5 | B10: Alan Thorepox | C10: RAM 1500 5.7 Laramie Atx V8 | D10: +54 9 3541 54-7530 | E10: 2026-04-06 00:00:00 | F10: ⏳ Sin contactar | I10: 🟡 Media
A11: =ROW()-5 -> 6 | B11: Diego | C11: Camioneta que vio repreguntar | D11: +54 9 2494 38-0221 | F11: ⏳ Sin contactar | I11: 🟡 Media
A12: =ROW()-5 -> 7 | B12: Diego | C12: Cronos | D12: +54 9 2494 06-3800 | E12: 2026-04-06 00:00:00 | F12: ⏳ Sin contactar | I12: 🟡 Media
A13: =ROW()-5 -> 8 | B13: Eudes Alan Alarcon | C13: RAM 1500 5.7 Laramie Atx V8 | D13: 543541547530 | E13: 2026-04-06 07:54:00 | F13: ⏳ Sin contactar | I13: 🟡 Media
A14: =ROW()-5 -> 9 | B14: Gonzalo Daniel Diaz | C14: Ford F-150 Raptor 3.5l Bi-turbo | D14: 542966747176 | E14: 05/04/2026 22:54 | F14: ⏳ Sin contactar | I14: 🟡 Media
A15: =ROW()-5 -> 10 | B15: Lucas Branchini | C15: Jeep Compass 1.3 T270 Limited 4X2 At6 | D15: 541125402034 | E15: 05/04/2026 22:54 | F15: ⏳ Sin contactar | I15: 🟡 Media
A16: =ROW()-5 -> 11 | B16: Ricardo Fabian Reinoso | C16: Ford F-150 Raptor 3.5l Bi-turbo | D16: 543764501014 | E16: 04/04/2026 22:54 | F16: ⏳ Sin contactar | I16: 🟡 Media
A17: =ROW()-5 -> 12 | B17: Bernardo Hector Labiste | C17: JMC N900 | D17: 542241462780 | E17: 04/04/2026 22:54 | F17: ⏳ Sin contactar | I17: 🟡 Media
A18: =ROW()-5 -> 13 | B18: Hugo Daniel Alegre | C18: BAIC BJ30 1.5T Bj30 2Wd Hybrid | D18: 541123586930 | E18: 02/04/2026 22:54 | F18: ⏳ Sin contactar | I18: 🟡 Media
A19: =ROW()-5 -> 14 | B19: Alex Zarate Pinto | C19: Ford F-150 Raptor 3.5l Bi-turbo | D19: 542214553959 | E19: 02/04/2026 22:54 | F19: ⏳ Sin contactar | I19: 🟡 Media
A20: =ROW()-5 -> 15 | B20: Patricio Jose Gonzalez | C20: Volkswagen Amarok 3.0 V6 Cd Highline | D20: 541159608528 | E20: 02/04/2026 22:54 | F20: ⏳ Sin contactar | I20: 🟡 Media
A21: =ROW()-5 -> 16 | B21: Leonel Ivan Rodriguez | C21: Volkswagen Vento 2.0 Advance 115cv Summer Package | D21: 541139066252 | E21: 02/04/2026 22:54 | F21: ⏳ Sin contactar | I21: 🟡 Media
A22: =ROW()-5 -> 17 | B22: Jose Francisco Hardoy | C22: Volkswagen Amarok 3.0 V6 Cd Highline | D22: 542262532100 | E22: 02/04/2026 22:54 | F22: ⏳ Sin contactar | I22: 🟡 Media
A23: =ROW()-5 -> 18 | B23: Alan Cristian Avendaño | C23: JMC N900 | D23: 542974928474 | E23: 02/04/2026 22:54 | F23: ⏳ Sin contactar | I23: 🟡 Media
... A77: =ROW()-5 -> 72 | B77: JACA S A JACA S A | C77: JMC N900 | D77: 542234170621 | E77: 11/02/2026 19:45 | F77: 🤝 Cerrado | I77: 🟡 Media

Sheet Resumen
A1: 📊 RESUMEN DE GESTIÓN
A2: Total leads | B2: =COUNTA(Leads!B5:B1000) -> 73
A3: ✅ Interesados | B3: =COUNTIF(Leads!F5:F1000,"✅ Interesado") -> 0
A4: 📞 A recontactar | B4: =COUNTIF(Leads!F5:F1000,"📞 Recontactar") -> 0
A5: ❌ No contesta | B5: =COUNTIF(Leads!F5:F1000,"❌ No contesta") -> 0
A6: 🚫 No interesados | B6: =COUNTIF(Leads!F5:F1000,"🚫 No interesado") -> 0
A7: 🤝 Cerrados | B7: =COUNTIF(Leads!F5:F1000,"🤝 Cerrado") -> 50
A8: ⏳ Sin contactar | B8: =COUNTIF(Leads!F5:F1000,"⏳ Sin contactar") -> 22
A9: % Contactados | B9: =IFERROR((COUNTA(Leads!B5:B1000)-COUNTIF(Leads!F5:F1000,"⏳ Sin contactar"))/COUNTA(Leads!B5:B1000),"0%") -> 0.69863014
